The Coward's Trial,1
Cursed Crypt Map,1
Fungal Hollow Map,1
Alleyways Map,1
Iceberg Map,1
Whakawairua Tuahu,2
Ramparts Map,2
Strand Map,2
Peninsula Map,2
Excavation Map,2
Haunted Mansion Map,2
Dungeon Map,2
Maelstr√∂m of Chaos,3
Doryani's Machinarium,3
Arid Lake Map,3
Ashen Wood Map,3
Leyline Map,3
Desert Map,3
Jungle Valley Map,3
Atoll Map,3
Maze Map,3
Barrows Map,3
Spider Lair Map,3
Channel Map,3
Mausoleum Map,4
Port Map,4
Flooded Mine Map,4
Beach Map,4
Armoury Map,4
Lookout Map,4
City Square Map,4
Glacier Map,4
Arcade Map,4
Underground Sea Map,4
The Vinktar Square,5
Sulphur Vents Map,5
Marshes Map,5
Grotto Map,5
Courtyard Map,5
Ancient City Map,5
Pen Map,5
Thicket Map,5
Cage Map,5
Crater Map,5
Graveyard Map,5
Death and Taxes,6
Hall of Grandmasters,6
Acton's Nightmare,6
Lair Map,6
Burial Chambers Map,6
Sepulchre Map,6
Promenade Map,6
Geode Map,6
Residence Map,6
Vault Map,6
Overgrown Shrine Map,6
Necropolis Map,6
Primordial Pool Map,6
Pit Map,6
Shaped Cursed Crypt Map,6
Shaped Fungal Hollow Map,6
Shaped Alleyways Map,6
Shaped Iceberg Map,6
Mao Kun,7
Olmec's Sanctum,7
Bazaar Map,7
Fields Map,7
Ghetto Map,7
Spider Forest Map,7
Mineral Pools Map,7
Estuary Map,7
Academy Map,7
Pier Map,7
Shore Map,7
Mud Geyser Map,7
Bone Crypt Map,7
Shaped Ramparts Map,7
Shaped Strand Map,7
Shaped Peninsula Map,7
Shaped Excavation Map,7
Shaped Haunted Mansion Map,7
Shaped Dungeon Map,7
Pillars of Arun,8
Hallowed Ground,8
Waterways Map,8
Dunes Map,8
Arachnid Tomb Map,8
Conservatory Map,8
Orchard Map,8
Cemetery Map,8
Toxic Sewer Map,8
Lava Chamber Map,8
Lighthouse Map,8
Phantasmagoria Map,8
Volcano Map,8
Shaped Arid Lake Map,8
Shaped Ashen Wood Map,8
Shaped Leyline Map,8
Shaped Desert Map,8
Shaped Jungle Valley Map,8
Shaped Atoll Map,8
Shaped Maze Map,8
Shaped Barrows Map,8
Shaped Spider Lair Map,8
Shaped Channel Map,8
Poorjoy's Asylum,9
Vaults of Atziri,9
"Caer Blaidd, Wolfpack's Den",9
The Putrid Cloister,9
Museum Map,9
Laboratory Map,9
Villa Map,9
Temple Map,9
Castle Ruins Map,9
Canyon Map,9
Tropical Island Map,9
Vaal Pyramid Map,9
Underground River Map,9
Coral Ruins Map,9
Cells Map,9
Shaped Mausoleum Map,9
Shaped Port Map,9
Shaped Flooded Mine Map,9
Shaped Beach Map,9
Shaped Armoury Map,9
Shaped Lookout Map,9
Shaped City Square Map,9
Shaped Glacier Map,9
Shaped Arcade Map,9
Shaped Underground Sea Map,9
The Twilight Temple,10
The Perandus Manor,10
Mesa Map,10
Arachnid Nest Map,10
Factory Map,10
Moon Temple Map,10
Chateau Map,10
Relic Chambers Map,10
Scriptorium Map,10
Plateau Map,10
Overgrown Ruin Map,10
Wharf Map,10
Shaped Sulphur Vents Map,10
Shaped Marshes Map,10
Shaped Grotto Map,10
Shaped Courtyard Map,10
Shaped Ancient City Map,10
Shaped Pen Map,10
Shaped Thicket Map,10
Shaped Cage Map,10
Shaped Crater Map,10
Shaped Graveyard Map,10
Basilica Map,11
Wasteland Map,11
Arena Map,11
Palace Map,11
Desert Spring Map,11
Dig Map,11
Coves Map,11
Arsenal Map,11
Bog Map,11
Infested Valley Map,11
Shaped Lair Map,11
Shaped Burial Chambers Map,11
Shaped Sepulchre Map,11
Shaped Promenade Map,11
Shaped Geode Map,11
Shaped Residence Map,11
Shaped Vault Map,11
Shaped Overgrown Shrine Map,11
Shaped Necropolis Map,11
Shaped Primordial Pool Map,11
Shaped Pit Map,11
Malformation Map,12
Reef Map,12
Precinct Map,12
Courthouse Map,12
Sunken City Map,12
Crystal Ore Map,12
Acid Caverns Map,12
Carcass Map,12
Terrace Map,12
Shaped Bazaar Map,12
Shaped Fields Map,12
Shaped Ghetto Map,12
Shaped Spider Forest Map,12
Shaped Mineral Pools Map,12
Shaped Estuary Map,12
Shaped Academy Map,12
Shaped Pier Map,12
Shaped Shore Map,12
Shaped Mud Geyser Map,12
Shaped Bone Crypt Map,12
Summit Map,13
Tower Map,13
Crimson Temple Map,13
Colosseum Map,13
Park Map,13
Gardens Map,13
Siege Map,13
Shipyard Map,13
Colonnade Map,13
Shaped Waterways Map,13
Shaped Dunes Map,13
Shaped Arachnid Tomb Map,13
Shaped Conservatory Map,13
Shaped Orchard Map,13
Shaped Cemetery Map,13
Shaped Toxic Sewer Map,13
Shaped Lava Chamber Map,13
Shaped Lighthouse Map,13
Shaped Phantasmagoria Map,13
Shaped Volcano Map,13
Ivory Temple Map,14
Belfry Map,14
Shrine Map,14
Caldera Map,14
Plaza Map,14
Primordial Blocks Map,14
Racecourse Map,14
Shaped Museum Map,14
Shaped Laboratory Map,14
Shaped Villa Map,14
Shaped Temple Map,14
Shaped Castle Ruins Map,14
Shaped Canyon Map,14
Shaped Tropical Island Map,14
Shaped Vaal Pyramid Map,14
Shaped Underground River Map,14
Shaped Coral Ruins Map,14
Shaped Cells Map,14
Lava Lake Map,15
Core Map,15
Defiled Cathedral Map,15
Dark Forest Map,15
Waste Pool Map,15
Shaped Mesa Map,15
Shaped Arachnid Nest Map,15
Shaped Factory Map,15
Shaped Moon Temple Map,15
Shaped Chateau Map,15
Shaped Relic Chambers Map,15
Shaped Scriptorium Map,15
Shaped Plateau Map,15
Shaped Overgrown Ruin Map,15
Shaped Wharf Map,15
Pit of the Chimera Map,16
Lair of the Hydra Map,16
Maze of the Minotaur Map,16
Forge of the Phoenix Map,16
Vaal Temple Map,16
